<?xml version="1.0"  encoding="UTF-8"?>
<n1:Level-2A_User_Product xmlns:n1="https://psd-14.sentinel2.eo.esa.int/PSD/User_Product_Level-2A.xsd" xmlns:xsi="http://www.w3.org/2001/XMLSchema-instance" xsi:schemaLocation="https://psd-14.sentinel2.eo.esa.int/PSD/User_Product_Level-2A.xsd">
  <n1:General_Info>
    <L2A_Product_Info>
      <PRODUCT_START_TIME>2017-08-23T09:40:31.026Z</PRODUCT_START_TIME>
      <PRODUCT_STOP_TIME>2017-08-23T09:40:31.026Z</PRODUCT_STOP_TIME>
      <PRODUCT_URI_1C>S2A_MSIL1C_20170823T094031_N0205_R036_T34VFJ_20170823T094252.SAFE</PRODUCT_URI_1C>
      <PRODUCT_URI_2A>S2A_MSIL2A_20170823T094031_N0205_R036_T34VFJ_20170823T094252.SAFE</PRODUCT_URI_2A>
      <PROCESSING_LEVEL>Level-2Ap</PROCESSING_LEVEL>
      <PRODUCT_TYPE>S2MSI2Ap</PRODUCT_TYPE>
      <PROCESSING_BASELINE>02.05</PROCESSING_BASELINE>
      <GENERATION_TIME>2017-08-25T08:50:10Z</GENERATION_TIME>
      <PREVIEW_IMAGE_URL>Not applicable</PREVIEW_IMAGE_URL>
      <PREVIEW_GEO_INFO>Not applicable</PREVIEW_GEO_INFO>
      <Datatake datatakeIdentifier="GS2A_20170823T094031_011330_N02.05">
        <SPACECRAFT_NAME>Sentinel-2A</SPACECRAFT_NAME>
        <DATATAKE_TYPE>INS-NOBS</DATATAKE_TYPE>
        <DATATAKE_SENSING_START>2017-08-23T09:40:31.026Z</DATATAKE_SENSING_START>
        <SENSING_ORBIT_NUMBER>36</SENSING_ORBIT_NUMBER>
        <SENSING_ORBIT_DIRECTION>DESCENDING</SENSING_ORBIT_DIRECTION>
      </Datatake>
      <Query_Options completeSingleTile="true">
        <PRODUCT_FORMAT>SAFE_COMPACT</PRODUCT_FORMAT>
      </Query_Options>
      <L2A_Product_Organisation>
        <Granule_List>
          <Granule granuleIdentifier="S2A_USER_MSI_L2A_TL_SGS__20170823T133142_A011330_T34VFJ_N02.05" datastripIdentifier="S2A_USER_MSI_L2A_DS_SGS__20170823T133142_S20170823T094252_N02.05" imageFormat="JPEG2000">
            <IMAGE_FILE_2A>GRANULE/L2A_T34VFJ_A011330_20170823T094252/IMG_DATA/R60m/L2A_T34VFJ_20170823T094031_B01_60m</IMAGE_FILE_2A>
            <IMAGE_FILE_2A>GRANULE/L2A_T34VFJ_A011330_20170823T094252/IMG_DATA/R60m/L2A_T34VFJ_20170823T094031_B02_60m</IMAGE_FILE_2A>
            <IMAGE_FILE_2A>GRANULE/L2A_T34VFJ_A011330_20170823T094252/IMG_DATA/R60m/L2A_T34VFJ_20170823T094031_B03_60m</IMAGE_FILE_2A>
            <IMAGE_FILE_2A>GRANULE/L2A_T34VFJ_A011330_20170823T094252/IMG_DATA/R60m/L2A_T34VFJ_20170823T094031_B04_60m</IMAGE_FILE_2A>
            <IMAGE_FILE_2A>GRANULE/L2A_T34VFJ_A011330_20170823T094252/IMG_DATA/R60m/L2A_T34VFJ_20170823T094031_B05_60m</IMAGE_FILE_2A>
            <IMAGE_FILE_2A>GRANULE/L2A_T34VFJ_A011330_20170823T094252/IMG_DATA/R60m/L2A_T34VFJ_20170823T094031_B06_60m</IMAGE_FILE_2A>
            <IMAGE_FILE_2A>GRANULE/L2A_T34VFJ_A011330_20170823T094252/IMG_DATA/R60m/L2A_T34VFJ_20170823T094031_B07_60m</IMAGE_FILE_2A>
            <IMAGE_FILE_2A>GRANULE/L2A_T34VFJ_A011330_20170823T094252/IMG_DATA/R60m/L2A_T34VFJ_20170823T094031_B8A_60m</IMAGE_FILE_2A>
            <IMAGE_FILE_2A>GRANULE/L2A_T34VFJ_A011330_20170823T094252/IMG_DATA/R60m/L2A_T34VFJ_20170823T094031_B09_60m</IMAGE_FILE_2A>
            <IMAGE_FILE_2A>GRANULE/L2A_T34VFJ_A011330_20170823T094252/IMG_DATA/R60m/L2A_T34VFJ_20170823T094031_B11_60m</IMAGE_FILE_2A>
            <IMAGE_FILE_2A>GRANULE/L2A_T34VFJ_A011330_20170823T094252/IMG_DATA/R60m/L2A_T34VFJ_20170823T094031_B12_60m</IMAGE_FILE_2A>
            <IMAGE_FILE_2A>GRANULE/L2A_T34VFJ_A011330_20170823T094252/AUX_DATA/L2A_T34VFJ_20170823T094031_DEM_60m</IMAGE_FILE_2A>
            <IMAGE_FILE_2A>GRANULE/L2A_T34VFJ_A011330_20170823T094252/IMG_DATA/R60m/L2A_T34VFJ_20170823T094031_SCL_60m</IMAGE_FILE_2A>
            <IMAGE_FILE_2A>GRANULE/L2A_T34VFJ_A011330_20170823T094252/QI_DATA/L2A_T34VFJ_20170823T094031_SNW_60m</IMAGE_FILE_2A>
            <IMAGE_FILE_2A>GRANULE/L2A_T34VFJ_A011330_20170823T094252/QI_DATA/L2A_T34VFJ_20170823T094031_CLD_60m</IMAGE_FILE_2A>
            <IMAGE_FILE_2A>GRANULE/L2A_T34VFJ_A011330_20170823T094252/IMG_DATA/R60m/L2A_T34VFJ_20170823T094031_AOT_60m</IMAGE_FILE_2A>
            <IMAGE_FILE_2A>GRANULE/L2A_T34VFJ_A011330_20170823T094252/IMG_DATA/R60m/L2A_T34VFJ_20170823T094031_WVP_60m</IMAGE_FILE_2A>
            <IMAGE_FILE_2A>GRANULE/L2A_T34VFJ_A011330_20170823T094252/IMG_DATA/R60m/L2A_T34VFJ_20170823T094031_TCI_60m</IMAGE_FILE_2A>
          </Granule>
        </Granule_List>
        <Granule_List>
          <Granule granuleIdentifier="S2A_USER_MSI_L2A_TL_SGS__20170823T133142_A011330_T34VFJ_N02.05" datastripIdentifier="S2A_USER_MSI_L2A_DS_SGS__20170823T133142_S20170823T094252_N02.05" imageFormat="JPEG2000">
            <IMAGE_FILE_2A>GRANULE/L2A_T34VFJ_A011330_20170823T094252/IMG_DATA/R20m/L2A_T34VFJ_20170823T094031_B02_20m</IMAGE_FILE_2A>
            <IMAGE_FILE_2A>GRANULE/L2A_T34VFJ_A011330_20170823T094252/IMG_DATA/R20m/L2A_T34VFJ_20170823T094031_B03_20m</IMAGE_FILE_2A>
            <IMAGE_FILE_2A>GRANULE/L2A_T34VFJ_A011330_20170823T094252/IMG_DATA/R20m/L2A_T34VFJ_20170823T094031_B04_20m</IMAGE_FILE_2A>
            <IMAGE_FILE_2A>GRANULE/L2A_T34VFJ_A011330_20170823T094252/IMG_DATA/R20m/L2A_T34VFJ_20170823T094031_B05_20m</IMAGE_FILE_2A>
            <IMAGE_FILE_2A>GRANULE/L2A_T34VFJ_A011330_20170823T094252/IMG_DATA/R20m/L2A_T34VFJ_20170823T094031_B06_20m</IMAGE_FILE_2A>
            <IMAGE_FILE_2A>GRANULE/L2A_T34VFJ_A011330_20170823T094252/IMG_DATA/R20m/L2A_T34VFJ_20170823T094031_B07_20m</IMAGE_FILE_2A>
            <IMAGE_FILE_2A>GRANULE/L2A_T34VFJ_A011330_20170823T094252/IMG_DATA/R20m/L2A_T34VFJ_20170823T094031_B8A_20m</IMAGE_FILE_2A>
            <IMAGE_FILE_2A>GRANULE/L2A_T34VFJ_A011330_20170823T094252/IMG_DATA/R20m/L2A_T34VFJ_20170823T094031_B11_20m</IMAGE_FILE_2A>
            <IMAGE_FILE_2A>GRANULE/L2A_T34VFJ_A011330_20170823T094252/IMG_DATA/R20m/L2A_T34VFJ_20170823T094031_B12_20m</IMAGE_FILE_2A>
            <IMAGE_FILE_2A>GRANULE/L2A_T34VFJ_A011330_20170823T094252/AUX_DATA/L2A_T34VFJ_20170823T094031_DEM_20m</IMAGE_FILE_2A>
            <IMAGE_FILE_2A>GRANULE/L2A_T34VFJ_A011330_20170823T094252/IMG_DATA/R20m/L2A_T34VFJ_20170823T094031_SCL_20m</IMAGE_FILE_2A>
            <IMAGE_FILE_2A>GRANULE/L2A_T34VFJ_A011330_20170823T094252/QI_DATA/L2A_T34VFJ_20170823T094031_SNW_20m</IMAGE_FILE_2A>
            <IMAGE_FILE_2A>GRANULE/L2A_T34VFJ_A011330_20170823T094252/QI_DATA/L2A_T34VFJ_20170823T094031_CLD_20m</IMAGE_FILE_2A>
            <IMAGE_FILE_2A>GRANULE/L2A_T34VFJ_A011330_20170823T094252/IMG_DATA/R20m/L2A_T34VFJ_20170823T094031_AOT_20m</IMAGE_FILE_2A>
            <IMAGE_FILE_2A>GRANULE/L2A_T34VFJ_A011330_20170823T094252/IMG_DATA/R20m/L2A_T34VFJ_20170823T094031_WVP_20m</IMAGE_FILE_2A>
            <IMAGE_FILE_2A>GRANULE/L2A_T34VFJ_A011330_20170823T094252/IMG_DATA/R20m/L2A_T34VFJ_20170823T094031_TCI_20m</IMAGE_FILE_2A>
          </Granule>
        </Granule_List>
        <Granule_List>
          <Granule granuleIdentifier="S2A_USER_MSI_L2A_TL_SGS__20170823T133142_A011330_T34VFJ_N02.05" datastripIdentifier="S2A_USER_MSI_L2A_DS_SGS__20170823T133142_S20170823T094252_N02.05" imageFormat="JPEG2000">
            <IMAGE_FILE_2A>GRANULE/L2A_T34VFJ_A011330_20170823T094252/IMG_DATA/R10m/L2A_T34VFJ_20170823T094031_B02_10m</IMAGE_FILE_2A>
            <IMAGE_FILE_2A>GRANULE/L2A_T34VFJ_A011330_20170823T094252/IMG_DATA/R10m/L2A_T34VFJ_20170823T094031_B03_10m</IMAGE_FILE_2A>
            <IMAGE_FILE_2A>GRANULE/L2A_T34VFJ_A011330_20170823T094252/IMG_DATA/R10m/L2A_T34VFJ_20170823T094031_B04_10m</IMAGE_FILE_2A>
            <IMAGE_FILE_2A>GRANULE/L2A_T34VFJ_A011330_20170823T094252/IMG_DATA/R10m/L2A_T34VFJ_20170823T094031_B08_10m</IMAGE_FILE_2A>
            <IMAGE_FILE_2A>GRANULE/L2A_T34VFJ_A011330_20170823T094252/AUX_DATA/L2A_T34VFJ_20170823T094031_DEM_10m</IMAGE_FILE_2A>
            <IMAGE_FILE_2A>GRANULE/L2A_T34VFJ_A011330_20170823T094252/IMG_DATA/R10m/L2A_T34VFJ_20170823T094031_AOT_10m</IMAGE_FILE_2A>
            <IMAGE_FILE_2A>GRANULE/L2A_T34VFJ_A011330_20170823T094252/IMG_DATA/R10m/L2A_T34VFJ_20170823T094031_WVP_10m</IMAGE_FILE_2A>
            <IMAGE_FILE_2A>GRANULE/L2A_T34VFJ_A011330_20170823T094252/IMG_DATA/R10m/L2A_T34VFJ_20170823T094031_TCI_10m</IMAGE_FILE_2A>
          </Granule>
        </Granule_List>
      </L2A_Product_Organisation>
    </L2A_Product_Info>
    <L2A_Product_Image_Characteristics>
      <Special_Values>
        <SPECIAL_VALUE_TEXT>NODATA</SPECIAL_VALUE_TEXT>
        <SPECIAL_VALUE_INDEX>0</SPECIAL_VALUE_INDEX>
      </Special_Values>
      <Special_Values>
        <SPECIAL_VALUE_TEXT>SATURATED</SPECIAL_VALUE_TEXT>
        <SPECIAL_VALUE_INDEX>6</SPECIAL_VALUE_INDEX>
      </Special_Values>
      <Image_Display_Order>
        <RED_CHANNEL>3</RED_CHANNEL>
        <GREEN_CHANNEL>2</GREEN_CHANNEL>
        <BLUE_CHANNEL>1</BLUE_CHANNEL>
      </Image_Display_Order>
      <L1C_L2A_Quantification_Values_List>
        <L1C_TOA_QUANTIFICATION_VALUE unit="none">10000</L1C_TOA_QUANTIFICATION_VALUE>
        <L2A_BOA_QUANTIFICATION_VALUE unit="none">10000</L2A_BOA_QUANTIFICATION_VALUE>
        <L2A_AOT_QUANTIFICATION_VALUE unit="none">1000.0</L2A_AOT_QUANTIFICATION_VALUE>
        <L2A_WVP_QUANTIFICATION_VALUE unit="cm">1000.0</L2A_WVP_QUANTIFICATION_VALUE>
      </L1C_L2A_Quantification_Values_List>
      <Reflectance_Conversion>
        <U>0.97</U>
        <Solar_Irradiance_List>
          <SOLAR_IRRADIANCE bandId="0" unit="W/m&#178;/&#181;m">1913.57</SOLAR_IRRADIANCE>
          <SOLAR_IRRADIANCE bandId="1" unit="W/m&#178;/&#181;m">1941.63</SOLAR_IRRADIANCE>
          <SOLAR_IRRADIANCE bandId="2" unit="W/m&#178;/&#181;m">1822.61</SOLAR_IRRADIANCE>
          <SOLAR_IRRADIANCE bandId="3" unit="W/m&#178;/&#181;m">1512.79</SOLAR_IRRADIANCE>
          <SOLAR_IRRADIANCE bandId="4" unit="W/m&#178;/&#181;m">1425.56</SOLAR_IRRADIANCE>
          <SOLAR_IRRADIANCE bandId="5" unit="W/m&#178;/&#181;m">1288.32</SOLAR_IRRADIANCE>
          <SOLAR_IRRADIANCE bandId="6" unit="W/m&#178;/&#181;m">1163.19</SOLAR_IRRADIANCE>
          <SOLAR_IRRADIANCE bandId="7" unit="W/m&#178;/&#181;m">1036.39</SOLAR_IRRADIANCE>
          <SOLAR_IRRADIANCE bandId="8" unit="W/m&#178;/&#181;m">955.19</SOLAR_IRRADIANCE>
          <SOLAR_IRRADIANCE bandId="9" unit="W/m&#178;/&#181;m">813.04</SOLAR_IRRADIANCE>
          <SOLAR_IRRADIANCE bandId="10" unit="W/m&#178;/&#181;m">367.15</SOLAR_IRRADIANCE>
          <SOLAR_IRRADIANCE bandId="11" unit="W/m&#178;/&#181;m">245.59</SOLAR_IRRADIANCE>
          <SOLAR_IRRADIANCE bandId="12" unit="W/m&#178;/&#181;m">85.25</SOLAR_IRRADIANCE>
        </Solar_Irradiance_List>
      </Reflectance_Conversion>
      <PHYSICAL_GAINS bandId="0">4.05258688</PHYSICAL_GAINS>
      <PHYSICAL_GAINS bandId="1">3.79421934</PHYSICAL_GAINS>
      <PHYSICAL_GAINS bandId="2">4.19056789</PHYSICAL_GAINS>
      <PHYSICAL_GAINS bandId="3">4.516256</PHYSICAL_GAINS>
      <PHYSICAL_GAINS bandId="4">5.19904998</PHYSICAL_GAINS>
      <PHYSICAL_GAINS bandId="5">4.86711284</PHYSICAL_GAINS>
      <PHYSICAL_GAINS bandId="6">4.52865796</PHYSICAL_GAINS>
      <PHYSICAL_GAINS bandId="7">6.19052531</PHYSICAL_GAINS>
      <PHYSICAL_GAINS bandId="8">5.13233152</PHYSICAL_GAINS>
      <PHYSICAL_GAINS bandId="9">8.52613546</PHYSICAL_GAINS>
      <PHYSICAL_GAINS bandId="10">55.22178219</PHYSICAL_GAINS>
      <PHYSICAL_GAINS bandId="11">35.32963486</PHYSICAL_GAINS>
      <PHYSICAL_GAINS bandId="12">106.39533241</PHYSICAL_GAINS>
      <REFERENCE_BAND>0</REFERENCE_BAND>
      <L2A_Scene_Classification_List>
        <L2A_Scene_Classification_ID>
          <L2A_SCENE_CLASSIFICATION_TEXT>SC_NODATA</L2A_SCENE_CLASSIFICATION_TEXT>
          <L2A_SCENE_CLASSIFICATION_INDEX>0</L2A_SCENE_CLASSIFICATION_INDEX>
        </L2A_Scene_Classification_ID>
        <L2A_Scene_Classification_ID>
          <L2A_SCENE_CLASSIFICATION_TEXT>SC_SATURATED_DEFECTIVE</L2A_SCENE_CLASSIFICATION_TEXT>
          <L2A_SCENE_CLASSIFICATION_INDEX>1</L2A_SCENE_CLASSIFICATION_INDEX>
        </L2A_Scene_Classification_ID>
        <L2A_Scene_Classification_ID>
          <L2A_SCENE_CLASSIFICATION_TEXT>SC_DARK_FEATURE_SHADOW</L2A_SCENE_CLASSIFICATION_TEXT>
          <L2A_SCENE_CLASSIFICATION_INDEX>2</L2A_SCENE_CLASSIFICATION_INDEX>
        </L2A_Scene_Classification_ID>
        <L2A_Scene_Classification_ID>
          <L2A_SCENE_CLASSIFICATION_TEXT>SC_CLOUD_SHADOW</L2A_SCENE_CLASSIFICATION_TEXT>
          <L2A_SCENE_CLASSIFICATION_INDEX>3</L2A_SCENE_CLASSIFICATION_INDEX>
        </L2A_Scene_Classification_ID>
        <L2A_Scene_Classification_ID>
          <L2A_SCENE_CLASSIFICATION_TEXT>SC_VEGETATION</L2A_SCENE_CLASSIFICATION_TEXT>
          <L2A_SCENE_CLASSIFICATION_INDEX>4</L2A_SCENE_CLASSIFICATION_INDEX>
        </L2A_Scene_Classification_ID>
        <L2A_Scene_Classification_ID>
          <L2A_SCENE_CLASSIFICATION_TEXT>SC_BARE_SOIL_DESERT</L2A_SCENE_CLASSIFICATION_TEXT>
          <L2A_SCENE_CLASSIFICATION_INDEX>5</L2A_SCENE_CLASSIFICATION_INDEX>
        </L2A_Scene_Classification_ID>
        <L2A_Scene_Classification_ID>
          <L2A_SCENE_CLASSIFICATION_TEXT>SC_WATER</L2A_SCENE_CLASSIFICATION_TEXT>
          <L2A_SCENE_CLASSIFICATION_INDEX>6</L2A_SCENE_CLASSIFICATION_INDEX>
        </L2A_Scene_Classification_ID>
        <L2A_Scene_Classification_ID>
          <L2A_SCENE_CLASSIFICATION_TEXT>SC_CLOUD_LOW_PROBA</L2A_SCENE_CLASSIFICATION_TEXT>
          <L2A_SCENE_CLASSIFICATION_INDEX>7</L2A_SCENE_CLASSIFICATION_INDEX>
        </L2A_Scene_Classification_ID>
        <L2A_Scene_Classification_ID>
          <L2A_SCENE_CLASSIFICATION_TEXT>SC_CLOUD_MEDIUM_PROBA</L2A_SCENE_CLASSIFICATION_TEXT>
          <L2A_SCENE_CLASSIFICATION_INDEX>8</L2A_SCENE_CLASSIFICATION_INDEX>
        </L2A_Scene_Classification_ID>
        <L2A_Scene_Classification_ID>
          <L2A_SCENE_CLASSIFICATION_TEXT>SC_CLOUD_HIGH_PROBA</L2A_SCENE_CLASSIFICATION_TEXT>
          <L2A_SCENE_CLASSIFICATION_INDEX>9</L2A_SCENE_CLASSIFICATION_INDEX>
        </L2A_Scene_Classification_ID>
        <L2A_Scene_Classification_ID>
          <L2A_SCENE_CLASSIFICATION_TEXT>SC_THIN_CIRRUS</L2A_SCENE_CLASSIFICATION_TEXT>
          <L2A_SCENE_CLASSIFICATION_INDEX>10</L2A_SCENE_CLASSIFICATION_INDEX>
        </L2A_Scene_Classification_ID>
        <L2A_Scene_Classification_ID>
          <L2A_SCENE_CLASSIFICATION_TEXT>SC_SNOW_ICE</L2A_SCENE_CLASSIFICATION_TEXT>
          <L2A_SCENE_CLASSIFICATION_INDEX>11</L2A_SCENE_CLASSIFICATION_INDEX>
        </L2A_Scene_Classification_ID>
      </L2A_Scene_Classification_List>
    </L2A_Product_Image_Characteristics>
  </n1:General_Info>
  <n1:Geometric_Info>
    <Product_Footprint>
      <Product_Footprint>
        <Global_Footprint>
          <EXT_POS_LIST>57.7 22.6 57.6 24.5 56.7 24.4 56.7 22.6 57.7 22.6 </EXT_POS_LIST>
        </Global_Footprint>
      </Product_Footprint>
      <RASTER_CS_TYPE>POINT</RASTER_CS_TYPE>
      <PIXEL_ORIGIN>1</PIXEL_ORIGIN>
    </Product_Footprint>
    <Coordinate_Reference_System>
      <GEO_TABLES version="1">EPSG</GEO_TABLES>
      <HORIZONTAL_CS_TYPE>GEOGRAPHIC</HORIZONTAL_CS_TYPE>
    </Coordinate_Reference_System>
  </n1:Geometric_Info>
  <n1:L2A_Auxiliary_Data_Info>
    <Aux_Data>
      <L2A_GIPP_List>
        <GIPP_FILENAME type="GIP_Level-2Ap" version="2.3.1">L2A_T34VFJ_A011330_20170823T094252</GIPP_FILENAME>
        <GIPP_FILENAME type="GIP_Level-2Ap" version="2.3.1">L2A_T34VFJ_A011330_20170823T094252</GIPP_FILENAME>
        <GIPP_FILENAME type="GIP_Level-2Ap" version="2.3.1">L2A_T34VFJ_A011330_20170823T094252</GIPP_FILENAME>
      </L2A_GIPP_List>
      <L2A_PRODUCTION_DEM_TYPE>http://data_public:GDdci@data.cgiar-csi.org/srtm/tiles/GeoTIFF/</L2A_PRODUCTION_DEM_TYPE>
      <L2A_LIBRADTRAN_LUTS/>
      <L2A_SNOW_CLIMATOLOGY>GlobalSnowMap.tiff</L2A_SNOW_CLIMATOLOGY>
    </Aux_Data>
  </n1:L2A_Auxiliary_Data_Info>
  <n1:Quality_Indicators_Info>
    <Cloud_Coverage_Assessment>86.3</Cloud_Coverage_Assessment>
    <Technical_Quality_Assessment>
      <DEGRADED_ANC_DATA_PERCENTAGE>0</DEGRADED_ANC_DATA_PERCENTAGE>
      <DEGRADED_MSI_DATA_PERCENTAGE>0</DEGRADED_MSI_DATA_PERCENTAGE>
    </Technical_Quality_Assessment>
    <Quality_Control_Checks>
      <Quality_Inspections>
        <SENSOR_QUALITY_FLAG>PASSED</SENSOR_QUALITY_FLAG>
        <GEOMETRIC_QUALITY_FLAG>PASSED</GEOMETRIC_QUALITY_FLAG>
        <GENERAL_QUALITY_FLAG>PASSED</GENERAL_QUALITY_FLAG>
        <FORMAT_CORRECTNESS_FLAG>PASSED</FORMAT_CORRECTNESS_FLAG>
        <RADIOMETRIC_QUALITY_FLAG>PASSED</RADIOMETRIC_QUALITY_FLAG>
      </Quality_Inspections>
      <Failed_Inspections/>
    </Quality_Control_Checks>
  </n1:Quality_Indicators_Info>
  <n1:L2A_Quality_Indicators_Info>
    <Image_Content_QI>
      <NODATA_PIXEL_PERCENTAGE>0.0</NODATA_PIXEL_PERCENTAGE>
      <SATURATED_DEFECTIVE_PIXEL_PERCENTAGE>0.0</SATURATED_DEFECTIVE_PIXEL_PERCENTAGE>
      <DARK_FEATURES_PERCENTAGE>1.0</DARK_FEATURES_PERCENTAGE>
      <CLOUD_SHADOW_PERCENTAGE>4.1</CLOUD_SHADOW_PERCENTAGE>
      <VEGETATION_PERCENTAGE>5.0</VEGETATION_PERCENTAGE>
      <BARE_SOILS_PERCENTAGE>0.4</BARE_SOILS_PERCENTAGE>
      <WATER_PERCENTAGE>2.9</WATER_PERCENTAGE>
      <LOW_PROBA_CLOUDS_PERCENTAGE>1.6</LOW_PROBA_CLOUDS_PERCENTAGE>
      <MEDIUM_PROBA_CLOUDS_PERCENTAGE>28.9</MEDIUM_PROBA_CLOUDS_PERCENTAGE>
      <HIGH_PROBA_CLOUDS_PERCENTAGE>36.1</HIGH_PROBA_CLOUDS_PERCENTAGE>
      <THIN_CIRRUS_PERCENTAGE>19.3</THIN_CIRRUS_PERCENTAGE>
      <CLOUD_COVERAGE_PERCENTAGE>84.4</CLOUD_COVERAGE_PERCENTAGE>
      <SNOW_ICE_PERCENTAGE>0.2</SNOW_ICE_PERCENTAGE>
      <RADIATIVE_TRANSFER_ACCURAY>0.0</RADIATIVE_TRANSFER_ACCURAY>
      <WATER_VAPOUR_RETRIEVAL_ACCURACY>0.0</WATER_VAPOUR_RETRIEVAL_ACCURACY>
      <AOT_RETRIEVAL_ACCURACY>0.0</AOT_RETRIEVAL_ACCURACY>
    </Image_Content_QI>
  </n1:L2A_Quality_Indicators_Info>
</n1:Level-2A_User_Product>
