<?xml version="1.0" encoding="UTF-8"?>
<wcs:CoverageDescriptions xmlns:wcs="http://www.opengis.net/wcs/2.0" xmlns:ows="http://www.opengis.net/ows/2.0" xmlns:ogc="http://www.opengis.net/ogc" xmlns:xsi="http://www.w3.org/2001/XMLSchema-instance" xmlns:xlink="http://www.w3.org/1999/xlink" xmlns:gml="http://www.opengis.net/gml/3.2" xmlns:gmlcov="http://www.opengis.net/gmlcov/1.0" xmlns:swe="http://www.opengis.net/swe/2.0" xsi:schemaLocation="http://www.opengis.net/wcs/2.0 http://schemas.opengis.net/wcs/2.0/wcsAll.xsd ">
  <wcs:CoverageDescription gml:id="BGS_EMODNET_CentralMed-MCol">
    <gml:boundedBy>
      <gml:Envelope srsName="http://www.opengis.net/def/crs/EPSG/0/4326" axisLabels="lat long" uomLabels="deg deg" srsDimension="2">
        <gml:lowerCorner>30.01040372 9.83125</gml:lowerCorner>
        <gml:upperCorner>46.18958333 22.23542659</gml:upperCorner>
      </gml:Envelope>
    </gml:boundedBy>
    <wcs:CoverageId>BGS_EMODNET_CentralMed-MCol</wcs:CoverageId>
    <gml:domainSet>
      <gml:RectifiedGrid dimension="2" gml:id="grid_BGS_EMODNET_CentralMed-MCol">
        <gml:limits>
          <gml:GridEnvelope>
            <gml:low>0 0</gml:low>
            <gml:high>2976 3882</gml:high>
          </gml:GridEnvelope>
        </gml:limits>
        <gml:axisLabels>lat long</gml:axisLabels>
        <gml:origin>
          <gml:Point gml:id="grid_origin_BGS_EMODNET_CentralMed-MCol" srsName="http://www.opengis.net/def/crs/EPSG/0/4326">
            <gml:pos>46.189583 9.831250</gml:pos>
          </gml:Point>
        </gml:origin>
        <gml:offsetVector srsName="http://www.opengis.net/def/crs/EPSG/0/4326">0 0.004167</gml:offsetVector>
        <gml:offsetVector srsName="http://www.opengis.net/def/crs/EPSG/0/4326">-0.004167 0</gml:offsetVector>
      </gml:RectifiedGrid>
    </gml:domainSet>
    <gmlcov:rangeType>
      <swe:DataRecord>
        <swe:field name="band1">
          <swe:Quantity>
            <swe:nilValues/>
            <swe:uom code="W.m-2.Sr-1"/>
            <swe:constraint>
              <swe:AllowedValues>
                <swe:interval>0 255</swe:interval>
                <swe:significantFigures>3</swe:significantFigures>
              </swe:AllowedValues>
            </swe:constraint>
          </swe:Quantity>
        </swe:field>
        <swe:field name="band2">
          <swe:Quantity>
            <swe:nilValues/>
            <swe:uom code="W.m-2.Sr-1"/>
            <swe:constraint>
              <swe:AllowedValues>
                <swe:interval>0 255</swe:interval>
                <swe:significantFigures>3</swe:significantFigures>
              </swe:AllowedValues>
            </swe:constraint>
          </swe:Quantity>
        </swe:field>
        <swe:field name="band3">
          <swe:Quantity>
            <swe:nilValues/>
            <swe:uom code="W.m-2.Sr-1"/>
            <swe:constraint>
              <swe:AllowedValues>
                <swe:interval>0 255</swe:interval>
                <swe:significantFigures>3</swe:significantFigures>
              </swe:AllowedValues>
            </swe:constraint>
          </swe:Quantity>
        </swe:field>
      </swe:DataRecord>
    </gmlcov:rangeType>
    <wcs:ServiceParameters>
      <wcs:CoverageSubtype>RectifiedGridCoverage</wcs:CoverageSubtype>
      <wcs:nativeFormat></wcs:nativeFormat>
    </wcs:ServiceParameters>
  </wcs:CoverageDescription>
</wcs:CoverageDescriptions>
