<?xml version="1.0" encoding="UTF-8"?><wcs:CoverageDescription xmlns:wcs="http://www.opengis.net/wcs" xmlns:xlink="http://www.w3.org/1999/xlink" xmlns:ogc="http://www.opengis.net/ogc" xmlns:ows="http://www.opengis.net/ows/1.1" xmlns:gml="http://www.opengis.net/gml" xmlns:xsi="http://www.w3.org/2001/XMLSchema-instance" xsi:schemaLocation="http://www.opengis.net/wcs https://msp.smartsea.fmi.fi/geoserver/schemas/wcs/1.0.0/describeCoverage.xsd" version="1.0.0"><wcs:CoverageOffering><wcs:description>Generated from GeoTIFF</wcs:description><wcs:name>smartsea:south</wcs:name><wcs:label>south</wcs:label><wcs:lonLatEnvelope srsName="urn:ogc:def:crs:OGC:1.3:CRS84"><gml:pos>17.750846897764713 59.40221729779408</gml:pos><gml:pos>32.07494665128107 65.06949807111674</gml:pos></wcs:lonLatEnvelope><wcs:keywords><wcs:keyword>south</wcs:keyword><wcs:keyword>WCS</wcs:keyword><wcs:keyword>GeoTIFF</wcs:keyword></wcs:keywords><wcs:domainSet><wcs:spatialDomain><gml:Envelope srsName="EPSG:3047"><gml:pos>61619.99999999983 6610360.0</gml:pos><gml:pos>739199.9999999999 7217020.0</gml:pos></gml:Envelope><gml:RectifiedGrid dimension="2" srsName="EPSG:3047"><gml:limits><gml:GridEnvelope><gml:low>0 0</gml:low><gml:high>33878 30332</gml:high></gml:GridEnvelope></gml:limits><gml:axisName>E</gml:axisName><gml:axisName>N</gml:axisName><gml:origin><gml:pos>61629.99999999983 7217010.0</gml:pos></gml:origin><gml:offsetVector>20.0 0.0</gml:offsetVector><gml:offsetVector>0.0 -20.0</gml:offsetVector></gml:RectifiedGrid></wcs:spatialDomain></wcs:domainSet><wcs:rangeSet><wcs:RangeSet><wcs:name>south</wcs:name><wcs:label>south</wcs:label><wcs:axisDescription><wcs:AxisDescription><wcs:name>Band</wcs:name><wcs:label>Band</wcs:label><wcs:values><wcs:interval><wcs:min>1</wcs:min><wcs:max>3</wcs:max></wcs:interval></wcs:values></wcs:AxisDescription></wcs:axisDescription></wcs:RangeSet></wcs:rangeSet><wcs:supportedCRSs><wcs:requestResponseCRSs>EPSG:3047</wcs:requestResponseCRSs></wcs:supportedCRSs><wcs:supportedFormats nativeFormat="GeoTIFF"><wcs:formats>ArcGrid</wcs:formats><wcs:formats>GeoTIFF</wcs:formats><wcs:formats>GIF</wcs:formats><wcs:formats>Gtopo30</wcs:formats><wcs:formats>ImageMosaic</wcs:formats><wcs:formats>JPEG</wcs:formats><wcs:formats>PNG</wcs:formats><wcs:formats>TIFF</wcs:formats></wcs:supportedFormats><wcs:supportedInterpolations default="nearest neighbor"><wcs:interpolationMethod>nearest neighbor</wcs:interpolationMethod><wcs:interpolationMethod>bilinear</wcs:interpolationMethod><wcs:interpolationMethod>bicubic</wcs:interpolationMethod></wcs:supportedInterpolations></wcs:CoverageOffering></wcs:CoverageDescription>