<?xml version="1.0" encoding="UTF-8"?><wcs:CoverageDescriptions xmlns:wcs="http://www.opengis.net/wcs/2.0" xmlns:ows="http://www.opengis.net/ows/2.0" xmlns:gml="http://www.opengis.net/gml/3.2" xmlns:gmlcov="http://www.opengis.net/gmlcov/1.0" xmlns:xlink="http://www.w3.org/1999/xlink" xmlns:xsi="http://www.w3.org/2001/XMLSchema-instance" xmlns:swe="http://www.opengis.net/swe/2.0" xmlns:wcsgs="http://www.geoserver.org/wcsgs/2.0" xsi:schemaLocation=" http://www.opengis.net/wcs/2.0 http://schemas.opengis.net/wcs/2.0/wcsDescribeCoverage.xsd">
  <wcs:CoverageDescription gml:id="smartsea__south">
    <gml:boundedBy>
      <gml:Envelope srsName="http://www.opengis.net/def/crs/EPSG/0/3047" axisLabels="E N" uomLabels="m m" srsDimension="2">
        <gml:lowerCorner>6610360.0 61619.99999999983</gml:lowerCorner>
        <gml:upperCorner>7217020.0 739199.9999999999</gml:upperCorner>
      </gml:Envelope>
    </gml:boundedBy>
    <wcs:CoverageId>smartsea__south</wcs:CoverageId>
    <gml:coverageFunction>
      <gml:GridFunction>
        <gml:sequenceRule axisOrder="+2 +1">Linear</gml:sequenceRule>
        <gml:startPoint>0 0</gml:startPoint>
      </gml:GridFunction>
    </gml:coverageFunction>
    <gmlcov:metadata>
      <gmlcov:Extension/>
    </gmlcov:metadata>
    <gml:domainSet>
      <gml:RectifiedGrid gml:id="grid00__smartsea__south" dimension="2">
        <gml:limits>
          <gml:GridEnvelope>
            <gml:low>0 0</gml:low>
            <gml:high>33878 30332</gml:high>
          </gml:GridEnvelope>
        </gml:limits>
        <gml:axisLabels>i j</gml:axisLabels>
        <gml:origin>
          <gml:Point gml:id="p00_smartsea__south" srsName="http://www.opengis.net/def/crs/EPSG/0/3047">
            <gml:pos>7217010.0 61629.99999999983</gml:pos>
          </gml:Point>
        </gml:origin>
        <gml:offsetVector srsName="http://www.opengis.net/def/crs/EPSG/0/3047">0.0 20.0</gml:offsetVector>
        <gml:offsetVector srsName="http://www.opengis.net/def/crs/EPSG/0/3047">-20.0 0.0</gml:offsetVector>
      </gml:RectifiedGrid>
    </gml:domainSet>
    <gmlcov:rangeType>
      <swe:DataRecord>
        <swe:field name="RED_BAND">
          <swe:Quantity>
            <swe:description>RED_BAND</swe:description>
            <swe:nilValues>
              <swe:NilValues>
                <swe:nilValue reason="http://www.opengis.net/def/nil/OGC/0/unknown">256.0</swe:nilValue>
              </swe:NilValues>
            </swe:nilValues>
            <swe:uom code="W.m-2.Sr-1"/>
            <swe:constraint>
              <swe:AllowedValues>
                <swe:interval>0 255</swe:interval>
              </swe:AllowedValues>
            </swe:constraint>
          </swe:Quantity>
        </swe:field>
        <swe:field name="GREEN_BAND">
          <swe:Quantity>
            <swe:description>GREEN_BAND</swe:description>
            <swe:nilValues>
              <swe:NilValues>
                <swe:nilValue reason="http://www.opengis.net/def/nil/OGC/0/unknown">256.0</swe:nilValue>
              </swe:NilValues>
            </swe:nilValues>
            <swe:uom code="W.m-2.Sr-1"/>
            <swe:constraint>
              <swe:AllowedValues>
                <swe:interval>0 255</swe:interval>
              </swe:AllowedValues>
            </swe:constraint>
          </swe:Quantity>
        </swe:field>
        <swe:field name="BLUE_BAND">
          <swe:Quantity>
            <swe:description>BLUE_BAND</swe:description>
            <swe:nilValues>
              <swe:NilValues>
                <swe:nilValue reason="http://www.opengis.net/def/nil/OGC/0/unknown">256.0</swe:nilValue>
              </swe:NilValues>
            </swe:nilValues>
            <swe:uom code="W.m-2.Sr-1"/>
            <swe:constraint>
              <swe:AllowedValues>
                <swe:interval>0 255</swe:interval>
              </swe:AllowedValues>
            </swe:constraint>
          </swe:Quantity>
        </swe:field>
      </swe:DataRecord>
    </gmlcov:rangeType>
    <wcs:ServiceParameters>
      <wcs:CoverageSubtype>RectifiedGridCoverage</wcs:CoverageSubtype>
      <wcs:nativeFormat>image/tiff</wcs:nativeFormat>
    </wcs:ServiceParameters>
  </wcs:CoverageDescription>
</wcs:CoverageDescriptions>
