<?xml version="1.0" encoding="UTF-8"?><wcs:Capabilities version="1.1.1" xmlns:wcs="http://www.opengis.net/wcs/1.1.1" xmlns:xlink="http://www.w3.org/1999/xlink" xmlns:ogc="http://www.opengis.net/ogc" xmlns:ows="http://www.opengis.net/ows/1.1" xmlns:gml="http://www.opengis.net/gml" xmlns:xsi="http://www.w3.org/2001/XMLSchema-instance" xsi:schemaLocation="http://www.opengis.net/wcs/1.1.1 https://msp.smartsea.fmi.fi/geoserver/schemas/wcs/1.1.1/wcsGetCapabilities.xsd" updateSequence="262"><ows:ServiceIdentification><ows:Title>Web Coverage Service</ows:Title><ows:Abstract>This server implements the WCS specification 1.0 and 1.1.1, it's reference implementation of WCS 1.1.1. All layers published by this service are available on WMS also.
     </ows:Abstract><ows:Keywords><ows:Keyword>WCS</ows:Keyword><ows:Keyword>WMS</ows:Keyword><ows:Keyword>GEOSERVER</ows:Keyword></ows:Keywords><ows:ServiceType>WCS</ows:ServiceType><ows:ServiceTypeVersion>1.1.0</ows:ServiceTypeVersion><ows:ServiceTypeVersion>1.1.1</ows:ServiceTypeVersion><ows:Fees>NONE</ows:Fees><ows:AccessConstraints>NONE</ows:AccessConstraints></ows:ServiceIdentification><ows:ServiceProvider><ows:ProviderName>Finnish Environment Institute, Marine Research Centre</ows:ProviderName><ows:ProviderSite xlink:href="http://geoserver.org"/><ows:ServiceContact><ows:IndividualName>Ari Jolma</ows:IndividualName><ows:PositionName>Senior Research Scientist</ows:PositionName><ows:ContactInfo><ows:Phone/><ows:Address><ows:City>Helsinki</ows:City><ows:Country>Finland</ows:Country><ows:ElectronicMailAddress>ari.jolma@gmail.com</ows:ElectronicMailAddress></ows:Address><ows:OnlineResource xlink:href="http://geoserver.org"/></ows:ContactInfo></ows:ServiceContact></ows:ServiceProvider><ows:OperationsMetadata><ows:Operation name="GetCapabilities"><ows:DCP><ows:HTTP><ows:Get xlink:href="https://msp.smartsea.fmi.fi/geoserver/wcs?"/></ows:HTTP></ows:DCP><ows:DCP><ows:HTTP><ows:Post xlink:href="https://msp.smartsea.fmi.fi/geoserver/wcs?"/></ows:HTTP></ows:DCP></ows:Operation><ows:Operation name="DescribeCoverage"><ows:DCP><ows:HTTP><ows:Get xlink:href="https://msp.smartsea.fmi.fi/geoserver/wcs?"/></ows:HTTP></ows:DCP><ows:DCP><ows:HTTP><ows:Post xlink:href="https://msp.smartsea.fmi.fi/geoserver/wcs?"/></ows:HTTP></ows:DCP></ows:Operation><ows:Operation name="GetCoverage"><ows:DCP><ows:HTTP><ows:Get xlink:href="https://msp.smartsea.fmi.fi/geoserver/wcs?"/></ows:HTTP></ows:DCP><ows:DCP><ows:HTTP><ows:Post xlink:href="https://msp.smartsea.fmi.fi/geoserver/wcs?"/></ows:HTTP></ows:DCP><ows:Parameter name="store"><ows:AllowedValues><ows:Value>True</ows:Value><ows:Value>False</ows:Value></ows:AllowedValues></ows:Parameter></ows:Operation><ows:Constraint name="PostEncoding"><ows:AllowedValues><ows:Value>XML</ows:Value></ows:AllowedValues></ows:Constraint></ows:OperationsMetadata><wcs:Contents><wcs:CoverageSummary><ows:Title>eusm2016</ows:Title><ows:Abstract>Generated from GeoTIFF</ows:Abstract><ows:Keywords><ows:Keyword>eusm2016</ows:Keyword><ows:Keyword>WCS</ows:Keyword><ows:Keyword>GeoTIFF</ows:Keyword></ows:Keywords><ows:WGS84BoundingBox><ows:LowerCorner>17.475602613769112 58.7813118158553</ows:LowerCorner><ows:UpperCorner>25.816386818370457 65.85002305038745</ows:UpperCorner></ows:WGS84BoundingBox><wcs:Identifier>smartsea:eusm2016</wcs:Identifier></wcs:CoverageSummary><wcs:CoverageSummary><ows:Title>eusm2016-EPSG2393</ows:Title><ows:Abstract>Generated from GeoTIFF</ows:Abstract><ows:Keywords><ows:Keyword>eusm2016-EPSG2393</ows:Keyword><ows:Keyword>WCS</ows:Keyword><ows:Keyword>GeoTIFF</ows:Keyword></ows:Keywords><ows:WGS84BoundingBox><ows:LowerCorner>17.476423085843237 58.78148741181874</ows:LowerCorner><ows:UpperCorner>25.81728699126928 65.85020367362361</ows:UpperCorner></ows:WGS84BoundingBox><wcs:Identifier>smartsea:eusm2016-EPSG2393</wcs:Identifier></wcs:CoverageSummary><wcs:CoverageSummary><ows:Title>south</ows:Title><ows:Abstract>Generated from GeoTIFF</ows:Abstract><ows:Keywords><ows:Keyword>south</ows:Keyword><ows:Keyword>WCS</ows:Keyword><ows:Keyword>GeoTIFF</ows:Keyword></ows:Keywords><ows:WGS84BoundingBox><ows:LowerCorner>17.750846897764713 59.40221729779408</ows:LowerCorner><ows:UpperCorner>32.07494665128107 65.06949807111674</ows:UpperCorner></ows:WGS84BoundingBox><wcs:Identifier>smartsea:south</wcs:Identifier></wcs:CoverageSummary></wcs:Contents></wcs:Capabilities>