<?xml version="1.0" encoding="UTF-8" standalone="no"?>
<Dimap_Document>
  <Metadata_Identification>
    <METADATA_FORMAT version="2.0">DIMAP</METADATA_FORMAT>
    <METADATA_PROFILE>PHR_SENSOR</METADATA_PROFILE>
    <METADATA_SUBPROFILE>RPC</METADATA_SUBPROFILE>
    <METADATA_LANGUAGE>en</METADATA_LANGUAGE>
  </Metadata_Identification>
  <Rational_Function_Model>
    <Resource_Reference>
      <RESOURCE_TITLE version="2.1">NITF</RESOURCE_TITLE>
      <RESOURCE_ID>RPC00B</RESOURCE_ID>
    </Resource_Reference>
    <Global_RFM>
      <Direct_Model>
        <SAMP_NUM_COEFF_1>-0.0002608680037689403</SAMP_NUM_COEFF_1>
        <SAMP_NUM_COEFF_2>0.9989747223589877</SAMP_NUM_COEFF_2>
        <SAMP_NUM_COEFF_3>-0.0003812480696383067</SAMP_NUM_COEFF_3>
        <SAMP_NUM_COEFF_4>-0.0001239380608801888</SAMP_NUM_COEFF_4>
        <SAMP_NUM_COEFF_5>0.0002846733146589809</SAMP_NUM_COEFF_5>
        <SAMP_NUM_COEFF_6>-5.055136970568916e-05</SAMP_NUM_COEFF_6>
        <SAMP_NUM_COEFF_7>-1.431250928286751e-05</SAMP_NUM_COEFF_7>
        <SAMP_NUM_COEFF_8>0.0002760312014261233</SAMP_NUM_COEFF_8>
        <SAMP_NUM_COEFF_9>-0.0001034658883876677</SAMP_NUM_COEFF_9>
        <SAMP_NUM_COEFF_10>1.292852822624093e-08</SAMP_NUM_COEFF_10>
        <SAMP_NUM_COEFF_11>-2.374519080832421e-08</SAMP_NUM_COEFF_11>
        <SAMP_NUM_COEFF_12>-3.398724568970347e-05</SAMP_NUM_COEFF_12>
        <SAMP_NUM_COEFF_13>0.0001974389358041986</SAMP_NUM_COEFF_13>
        <SAMP_NUM_COEFF_14>-5.998679801884955e-05</SAMP_NUM_COEFF_14>
        <SAMP_NUM_COEFF_15>3.77190029001887e-05</SAMP_NUM_COEFF_15>
        <SAMP_NUM_COEFF_16>0.0003229591709383095</SAMP_NUM_COEFF_16>
        <SAMP_NUM_COEFF_17>8.684009044837879e-09</SAMP_NUM_COEFF_17>
        <SAMP_NUM_COEFF_18>-1.244217528643338e-08</SAMP_NUM_COEFF_18>
        <SAMP_NUM_COEFF_19>-1.823382532658435e-08</SAMP_NUM_COEFF_19>
        <SAMP_NUM_COEFF_20>7.44224570128752e-09</SAMP_NUM_COEFF_20>
        <SAMP_DEN_COEFF_1>1</SAMP_DEN_COEFF_1>
        <SAMP_DEN_COEFF_2>-1.505408316393142e-05</SAMP_DEN_COEFF_2>
        <SAMP_DEN_COEFF_3>-0.0005855936603398637</SAMP_DEN_COEFF_3>
        <SAMP_DEN_COEFF_4>5.083945689825119e-05</SAMP_DEN_COEFF_4>
        <SAMP_DEN_COEFF_5>3.92553881410673e-06</SAMP_DEN_COEFF_5>
        <SAMP_DEN_COEFF_6>-4.562178256015725e-10</SAMP_DEN_COEFF_6>
        <SAMP_DEN_COEFF_7>-3.830537925984726e-08</SAMP_DEN_COEFF_7>
        <SAMP_DEN_COEFF_8>-4.53174439867407e-05</SAMP_DEN_COEFF_8>
        <SAMP_DEN_COEFF_9>0.0001922228263667698</SAMP_DEN_COEFF_9>
        <SAMP_DEN_COEFF_10>-6.004391304955837e-05</SAMP_DEN_COEFF_10>
        <SAMP_DEN_COEFF_11>1.98619700408937e-09</SAMP_DEN_COEFF_11>
        <SAMP_DEN_COEFF_12>3.372086712271519e-09</SAMP_DEN_COEFF_12>
        <SAMP_DEN_COEFF_13>-5.759020899888355e-08</SAMP_DEN_COEFF_13>
        <SAMP_DEN_COEFF_14>1.74956504613153e-08</SAMP_DEN_COEFF_14>
        <SAMP_DEN_COEFF_15>1.511537095358895e-08</SAMP_DEN_COEFF_15>
        <SAMP_DEN_COEFF_16>-1.88650183655174e-07</SAMP_DEN_COEFF_16>
        <SAMP_DEN_COEFF_17>5.141940678261629e-08</SAMP_DEN_COEFF_17>
        <SAMP_DEN_COEFF_18>-2.893671820360031e-09</SAMP_DEN_COEFF_18>
        <SAMP_DEN_COEFF_19>1.99241018011936e-08</SAMP_DEN_COEFF_19>
        <SAMP_DEN_COEFF_20>-6.085356841603074e-09</SAMP_DEN_COEFF_20>
        <LINE_NUM_COEFF_1>-0.0004573823515598722</LINE_NUM_COEFF_1>
        <LINE_NUM_COEFF_2>-0.0009589507734408925</LINE_NUM_COEFF_2>
        <LINE_NUM_COEFF_3>-0.9991030294500132</LINE_NUM_COEFF_3>
        <LINE_NUM_COEFF_4>5.280195229048944e-05</LINE_NUM_COEFF_4>
        <LINE_NUM_COEFF_5>-0.0001620060590999069</LINE_NUM_COEFF_5>
        <LINE_NUM_COEFF_6>-1.603313648210086e-07</LINE_NUM_COEFF_6>
        <LINE_NUM_COEFF_7>1.405049379862358e-06</LINE_NUM_COEFF_7>
        <LINE_NUM_COEFF_8>0.0009981109807911145</LINE_NUM_COEFF_8>
        <LINE_NUM_COEFF_9>0.0001466084367122552</LINE_NUM_COEFF_9>
        <LINE_NUM_COEFF_10>3.649108276558079e-09</LINE_NUM_COEFF_10>
        <LINE_NUM_COEFF_11>-8.148710118570354e-10</LINE_NUM_COEFF_11>
        <LINE_NUM_COEFF_12>4.390497856136997e-07</LINE_NUM_COEFF_12>
        <LINE_NUM_COEFF_13>-1.026630448285452e-05</LINE_NUM_COEFF_13>
        <LINE_NUM_COEFF_14>4.466588810314019e-08</LINE_NUM_COEFF_14>
        <LINE_NUM_COEFF_15>3.26478537585044e-05</LINE_NUM_COEFF_15>
        <LINE_NUM_COEFF_16>7.889498173879128e-05</LINE_NUM_COEFF_16>
        <LINE_NUM_COEFF_17>4.62495273441674e-05</LINE_NUM_COEFF_17>
        <LINE_NUM_COEFF_18>-2.027734304399313e-07</LINE_NUM_COEFF_18>
        <LINE_NUM_COEFF_19>-8.083873587652896e-09</LINE_NUM_COEFF_19>
        <LINE_NUM_COEFF_20>-2.441350482737525e-09</LINE_NUM_COEFF_20>
        <LINE_DEN_COEFF_1>1</LINE_DEN_COEFF_1>
        <LINE_DEN_COEFF_2>-0.0001613889552865108</LINE_DEN_COEFF_2>
        <LINE_DEN_COEFF_3>-0.000308284280631994</LINE_DEN_COEFF_3>
        <LINE_DEN_COEFF_4>1.439400017967806e-06</LINE_DEN_COEFF_4>
        <LINE_DEN_COEFF_5>-4.872702444088006e-06</LINE_DEN_COEFF_5>
        <LINE_DEN_COEFF_6>3.481297587644848e-09</LINE_DEN_COEFF_6>
        <LINE_DEN_COEFF_7>2.843457159644524e-08</LINE_DEN_COEFF_7>
        <LINE_DEN_COEFF_8>-3.11528656084096e-05</LINE_DEN_COEFF_8>
        <LINE_DEN_COEFF_9>0.0001158063544473122</LINE_DEN_COEFF_9>
        <LINE_DEN_COEFF_10>-4.629712009884274e-05</LINE_DEN_COEFF_10>
        <LINE_DEN_COEFF_11>1.462556356648746e-09</LINE_DEN_COEFF_11>
        <LINE_DEN_COEFF_12>6.925237141643991e-08</LINE_DEN_COEFF_12>
        <LINE_DEN_COEFF_13>-1.866267953948344e-08</LINE_DEN_COEFF_13>
        <LINE_DEN_COEFF_14>1.495167124051743e-08</LINE_DEN_COEFF_14>
        <LINE_DEN_COEFF_15>1.192468947493037e-07</LINE_DEN_COEFF_15>
        <LINE_DEN_COEFF_16>8.532705187195615e-06</LINE_DEN_COEFF_16>
        <LINE_DEN_COEFF_17>7.116728781715509e-09</LINE_DEN_COEFF_17>
        <LINE_DEN_COEFF_18>-3.767166424976699e-10</LINE_DEN_COEFF_18>
        <LINE_DEN_COEFF_19>-1.878435588144035e-08</LINE_DEN_COEFF_19>
        <LINE_DEN_COEFF_20>-1.315016725814192e-10</LINE_DEN_COEFF_20>
        <ERR_BIAS_X>0.1719012478327038</ERR_BIAS_X>
        <ERR_BIAS_Y>0.03238822366821945</ERR_BIAS_Y>
      </Direct_Model>
      <Inverse_Model>
        <SAMP_NUM_COEFF_1>0.0002609410706716954</SAMP_NUM_COEFF_1>
        <SAMP_NUM_COEFF_2>1.001026213740965</SAMP_NUM_COEFF_2>
        <SAMP_NUM_COEFF_3>-0.0003819289116566809</SAMP_NUM_COEFF_3>
        <SAMP_NUM_COEFF_4>0.0001240788067018346</SAMP_NUM_COEFF_4>
        <SAMP_NUM_COEFF_5>0.0005862035015589599</SAMP_NUM_COEFF_5>
        <SAMP_NUM_COEFF_6>5.081629489519709e-05</SAMP_NUM_COEFF_6>
        <SAMP_NUM_COEFF_7>-1.435215968291365e-05</SAMP_NUM_COEFF_7>
        <SAMP_NUM_COEFF_8>-0.0002758832786884909</SAMP_NUM_COEFF_8>
        <SAMP_NUM_COEFF_9>0.0001043228128012142</SAMP_NUM_COEFF_9>
        <SAMP_NUM_COEFF_10>-1.375374301980545e-08</SAMP_NUM_COEFF_10>
        <SAMP_NUM_COEFF_11>5.424360099410591e-08</SAMP_NUM_COEFF_11>
        <SAMP_NUM_COEFF_12>-5.026010178171814e-05</SAMP_NUM_COEFF_12>
        <SAMP_NUM_COEFF_13>0.0001886885841229406</SAMP_NUM_COEFF_13>
        <SAMP_NUM_COEFF_14>-6.535315557200323e-05</SAMP_NUM_COEFF_14>
        <SAMP_NUM_COEFF_15>3.723625930897949e-05</SAMP_NUM_COEFF_15>
        <SAMP_NUM_COEFF_16>0.000324332729058834</SAMP_NUM_COEFF_16>
        <SAMP_NUM_COEFF_17>9.492897372587203e-09</SAMP_NUM_COEFF_17>
        <SAMP_NUM_COEFF_18>-6.383348194827217e-09</SAMP_NUM_COEFF_18>
        <SAMP_NUM_COEFF_19>-3.519296777850624e-08</SAMP_NUM_COEFF_19>
        <SAMP_NUM_COEFF_20>-8.099247649030343e-09</SAMP_NUM_COEFF_20>
        <SAMP_DEN_COEFF_1>1</SAMP_DEN_COEFF_1>
        <SAMP_DEN_COEFF_2>1.484087743636568e-05</SAMP_DEN_COEFF_2>
        <SAMP_DEN_COEFF_3>-0.0002862887103754262</SAMP_DEN_COEFF_3>
        <SAMP_DEN_COEFF_4>-5.055030944195537e-05</SAMP_DEN_COEFF_4>
        <SAMP_DEN_COEFF_5>4.273807486937826e-06</SAMP_DEN_COEFF_5>
        <SAMP_DEN_COEFF_6>2.835859990382462e-08</SAMP_DEN_COEFF_6>
        <SAMP_DEN_COEFF_7>1.49309193414624e-08</SAMP_DEN_COEFF_7>
        <SAMP_DEN_COEFF_8>-3.821268830046254e-05</SAMP_DEN_COEFF_8>
        <SAMP_DEN_COEFF_9>0.0001929789037784369</SAMP_DEN_COEFF_9>
        <SAMP_DEN_COEFF_10>-6.529115738417603e-05</SAMP_DEN_COEFF_10>
        <SAMP_DEN_COEFF_11>-6.229526718202803e-09</SAMP_DEN_COEFF_11>
        <SAMP_DEN_COEFF_12>1.570654818205313e-08</SAMP_DEN_COEFF_12>
        <SAMP_DEN_COEFF_13>9.418468304659798e-07</SAMP_DEN_COEFF_13>
        <SAMP_DEN_COEFF_14>-1.89754938511569e-08</SAMP_DEN_COEFF_14>
        <SAMP_DEN_COEFF_15>7.782513571971931e-08</SAMP_DEN_COEFF_15>
        <SAMP_DEN_COEFF_16>1.333453137505282e-07</SAMP_DEN_COEFF_16>
        <SAMP_DEN_COEFF_17>5.775441147456981e-08</SAMP_DEN_COEFF_17>
        <SAMP_DEN_COEFF_18>5.634559966799989e-09</SAMP_DEN_COEFF_18>
        <SAMP_DEN_COEFF_19>-1.829886665721002e-08</SAMP_DEN_COEFF_19>
        <SAMP_DEN_COEFF_20>6.62084094108845e-09</SAMP_DEN_COEFF_20>
        <LINE_NUM_COEFF_1>-0.0004580558198529845</LINE_NUM_COEFF_1>
        <LINE_NUM_COEFF_2>-0.0009602715611976786</LINE_NUM_COEFF_2>
        <LINE_NUM_COEFF_3>-1.000897149470987</LINE_NUM_COEFF_3>
        <LINE_NUM_COEFF_4>5.273026784805392e-05</LINE_NUM_COEFF_4>
        <LINE_NUM_COEFF_5>0.0001610529931987612</LINE_NUM_COEFF_5>
        <LINE_NUM_COEFF_6>-9.82935298112111e-09</LINE_NUM_COEFF_6>
        <LINE_NUM_COEFF_7>-1.414802397781176e-06</LINE_NUM_COEFF_7>
        <LINE_NUM_COEFF_8>0.001001377648238686</LINE_NUM_COEFF_8>
        <LINE_NUM_COEFF_9>0.0001517992838618195</LINE_NUM_COEFF_9>
        <LINE_NUM_COEFF_10>-2.512876005731839e-09</LINE_NUM_COEFF_10>
        <LINE_NUM_COEFF_11>7.503583583985014e-09</LINE_NUM_COEFF_11>
        <LINE_NUM_COEFF_12>-1.771890132881918e-07</LINE_NUM_COEFF_12>
        <LINE_NUM_COEFF_13>-8.532880587922654e-06</LINE_NUM_COEFF_13>
        <LINE_NUM_COEFF_14>-2.232918573065623e-08</LINE_NUM_COEFF_14>
        <LINE_NUM_COEFF_15>-1.596046179922837e-05</LINE_NUM_COEFF_15>
        <LINE_NUM_COEFF_16>-0.0001681958717259317</LINE_NUM_COEFF_16>
        <LINE_NUM_COEFF_17>-2.313590861176762e-05</LINE_NUM_COEFF_17>
        <LINE_NUM_COEFF_18>2.223442458520202e-09</LINE_NUM_COEFF_18>
        <LINE_NUM_COEFF_19>2.048418491584356e-08</LINE_NUM_COEFF_19>
        <LINE_NUM_COEFF_20>1.217242722858491e-09</LINE_NUM_COEFF_20>
        <LINE_DEN_COEFF_1>1</LINE_DEN_COEFF_1>
        <LINE_DEN_COEFF_2>0.0001616419179600887</LINE_DEN_COEFF_2>
        <LINE_DEN_COEFF_3>-0.0003138230500963576</LINE_DEN_COEFF_3>
        <LINE_DEN_COEFF_4>-1.394071985006734e-06</LINE_DEN_COEFF_4>
        <LINE_DEN_COEFF_5>-6.696094164696539e-06</LINE_DEN_COEFF_5>
        <LINE_DEN_COEFF_6>-5.345869412075188e-09</LINE_DEN_COEFF_6>
        <LINE_DEN_COEFF_7>1.763447020374064e-08</LINE_DEN_COEFF_7>
        <LINE_DEN_COEFF_8>1.570099327763788e-05</LINE_DEN_COEFF_8>
        <LINE_DEN_COEFF_9>-2.742185667248469e-05</LINE_DEN_COEFF_9>
        <LINE_DEN_COEFF_10>2.311214210508507e-05</LINE_DEN_COEFF_10>
        <LINE_DEN_COEFF_11>-1.355093965247957e-10</LINE_DEN_COEFF_11>
        <LINE_DEN_COEFF_12>2.888456971707225e-08</LINE_DEN_COEFF_12>
        <LINE_DEN_COEFF_13>8.124756826520027e-07</LINE_DEN_COEFF_13>
        <LINE_DEN_COEFF_14>7.468753872581231e-09</LINE_DEN_COEFF_14>
        <LINE_DEN_COEFF_15>5.656409063390933e-07</LINE_DEN_COEFF_15>
        <LINE_DEN_COEFF_16>8.695797176083266e-06</LINE_DEN_COEFF_16>
        <LINE_DEN_COEFF_17>-3.572353935073523e-09</LINE_DEN_COEFF_17>
        <LINE_DEN_COEFF_18>-8.051282577435379e-11</LINE_DEN_COEFF_18>
        <LINE_DEN_COEFF_19>1.691147472316222e-08</LINE_DEN_COEFF_19>
        <LINE_DEN_COEFF_20>-6.436246171675777e-11</LINE_DEN_COEFF_20>
        <ERR_BIAS_ROW>0.01599536539671054</ERR_BIAS_ROW>
        <ERR_BIAS_COL>0.08807011610088011</ERR_BIAS_COL>
      </Inverse_Model>
      <RFM_Validity>
        <Direct_Model_Validity_Domain>
          <FIRST_ROW>1</FIRST_ROW>
          <FIRST_COL>1</FIRST_COL>
          <LAST_ROW>6132</LAST_ROW>
          <LAST_COL>10375</LAST_COL>
        </Direct_Model_Validity_Domain>
        <Inverse_Model_Validity_Domain>
          <FIRST_LON>144.8381284886889</FIRST_LON>
          <FIRST_LAT>-37.87572203983402</FIRST_LAT>
          <LAST_LON>145.0734053116617</LAST_LON>
          <LAST_LAT>-37.76134075817628</LAST_LAT>
        </Inverse_Model_Validity_Domain>
        <LONG_SCALE>0.1152662335048689</LONG_SCALE>
        <LONG_OFF>144.955701364999</LONG_OFF>
        <LAT_SCALE>0.056013496012568</LAT_SCALE>
        <LAT_OFF>-37.8185709405155</LAT_OFF>
        <HEIGHT_SCALE>65</HEIGHT_SCALE>
        <HEIGHT_OFF>65</HEIGHT_OFF>
        <SAMP_SCALE>5187</SAMP_SCALE>
        <SAMP_OFF>5188</SAMP_OFF>
        <LINE_SCALE>3065.5</LINE_SCALE>
        <LINE_OFF>3066.5</LINE_OFF>
      </RFM_Validity>
    </Global_RFM>
  </Rational_Function_Model>
</Dimap_Document>