<PAMDataset>
  <SRS dataAxisToSRSAxisMapping="1,2">PROJCS["NAD27 / UTM zone 16N",GEOGCS["NAD27",DATUM["North_American_Datum_1927",SPHEROID["Clarke 1866",6378206.4,294.978698213898,AUTHORITY["EPSG","7008"]],AUTHORITY["EPSG","6267"]],PRIMEM["Greenwich",0,AUTHORITY["EPSG","8901"]],UNIT["degree",0.0174532925199433,AUTHORITY["EPSG","9122"]],AUTHORITY["EPSG","4267"]],PROJECTION["Transverse_Mercator"],PARAMETER["latitude_of_origin",0],PARAMETER["central_meridian",-87],PARAMETER["scale_factor",0.9996],PARAMETER["false_easting",500000],PARAMETER["false_northing",0],UNIT["metre",1,AUTHORITY["EPSG","9001"]],AXIS["Easting",EAST],AXIS["Northing",NORTH],AUTHORITY["EPSG","26716"]]</SRS>
  <GeoTransform>  4.4465000000000000e+05,  1.0000000000000000e+01,  0.0000000000000000e+00,  4.6405100000000000e+06,  0.0000000000000000e+00, -1.0000000000000000e+01</GeoTransform>
  <Metadata domain="IMAGE_STRUCTURE">
    <MDI key="COMPRESSION">GZIP</MDI>
    <MDI key="DATA_TYPE">1</MDI>
    <MDI key="NBITS">8</MDI>
    <MDI key="X_SIZE">699</MDI>
    <MDI key="Y_SIZE">929</MDI>
  </Metadata>
  <Metadata>
    <MDI key="AREA_OR_POINT">Area</MDI>
    <MDI key="TIFFTAG_RESOLUTIONUNIT">1 (unitless)</MDI>
    <MDI key="TIFFTAG_XRESOLUTION">72</MDI>
    <MDI key="TIFFTAG_YRESOLUTION">72</MDI>
  </Metadata>
</PAMDataset>
