<?xml version="1.0" encoding="UTF-8"?>

<!-- File RoadsExdm2ien.xml 2005-06-16 (http://www.interlis.ch/models) -->

<TRANSFER xmlns="http://www.interlis.ch/INTERLIS2.3"
          xmlns:xsi="http://www.w3.org/2001/XMLSchema-instance"
          xsi:schemaLocation="http://www.interlis.ch/INTERLIS2.3
                              RoadsExdm2ien.xsd">
  <HEADERSECTION VERSION="2.3" SENDER="KOGIS">
    <MODELS>
      <MODEL NAME="RoadsExdm2ben" URI="http://www.interlis.ch/models"
             VERSION="2005-06-16"/>
      <MODEL NAME="RoadsExdm2ien" URI="http://www.interlis.ch/models"
             VERSION="2005-06-16"/>
    </MODELS>

    <ALIAS>
      <ENTRIES FOR="RoadsExdm2ben">
        <TAGENTRY FROM="RoadsExdm2ben.Roads"
                  TO="RoadsExdm2ben.Roads"/>
        <TAGENTRY FROM="RoadsExdm2ien.RoadsExtended"
                  TO="RoadsExdm2ben.Roads"/>
        <TAGENTRY FROM="RoadsExdm2ben.Roads.LAttrs"
                  TO="RoadsExdm2ben.Roads.LAttrs"/>
        <TAGENTRY FROM="RoadsExdm2ben.Roads.LandCover"
                  TO="RoadsExdm2ben.Roads.LandCover"/>
        <TAGENTRY FROM="RoadsExdm2ben.Roads.Street"
                  TO="RoadsExdm2ben.Roads.Street"/>
        <TAGENTRY FROM="RoadsExdm2ben.Roads.StreetAxis"
                  TO="RoadsExdm2ben.Roads.StreetAxis"/>
        <TAGENTRY FROM="RoadsExdm2ien.RoadsExtended.StreetAxis"
                  TO="RoadsExdm2ben.Roads.StreetAxis"/>
        <DELENTRY TAG="RoadsExdm2ien.RoadsExtended.StreetAxis"
                  ATTR="Precision"/>
        <TAGENTRY FROM="RoadsExdm2ben.Roads.StreetAxisAssoc"
                  TO="RoadsExdm2ben.Roads.StreetAxisAssoc"/>
        <TAGENTRY FROM="RoadsExdm2ben.Roads.StreetNamePosition"
                  TO="RoadsExdm2ben.Roads.StreetNamePosition"/>
        <TAGENTRY FROM="RoadsExdm2ben.Roads.StreetNamePositionAssoc"
                  TO="RoadsExdm2ben.Roads.StreetNamePositionAssoc"/>
        <TAGENTRY FROM="RoadsExdm2ben.Roads.RoadSign"
                  TO="RoadsExdm2ben.Roads.RoadSign"/>
        <TAGENTRY FROM="RoadsExdm2ien.RoadsExtended.RoadSign"
                  TO="RoadsExdm2ben.Roads.RoadSign"/>
        <VALENTRY TAG="RoadsExdm2ben.Roads.LAttrs" ATTR="LArt"
                  FROM="welldefined" TO="welldefined"/>
        <VALENTRY TAG="RoadsExdm2ben.Roads.LAttrs" ATTR="LArt"
                  FROM="fuzzy" TO="fuzzy"/>
        <VALENTRY TAG="RoadsExdm2ben.Roads.LandCover" ATTR="Type"
                  FROM="building" TO="building"/>
        <VALENTRY TAG="RoadsExdm2ben.Roads.LandCover" ATTR="Type"
                  FROM="street" TO="street"/>
        <VALENTRY TAG="RoadsExdm2ben.Roads.LandCover" ATTR="Type"
                  FROM="water" TO="water"/>
        <VALENTRY TAG="RoadsExdm2ben.Roads.LandCover" ATTR="Type"
                  FROM="other" TO="other"/>
        <VALENTRY TAG="RoadsExdm2ben.Roads.RoadSign" ATTR="Type"
                  FROM="prohibition" TO="prohibition"/>
        <VALENTRY TAG="RoadsExdm2ben.Roads.RoadSign" ATTR="Type"
                  FROM="indication" TO="indication"/>
        <VALENTRY TAG="RoadsExdm2ben.Roads.RoadSign" ATTR="Type"
                  FROM="danger" TO="danger"/>
        <VALENTRY TAG="RoadsExdm2ben.Roads.RoadSign" ATTR="Type"
                  FROM="velocity" TO="velocity"/>
        <VALENTRY TAG="RoadsExdm2ien.RoadsExtended.RoadSign" ATTR="Type"
                  FROM="prohibition.noentry" TO="prohibition"/>
        <VALENTRY TAG="RoadsExdm2ien.RoadsExtended.RoadSign" ATTR="Type"
                  FROM="prohibition.noparking" TO="prohibition"/>
        <VALENTRY TAG="RoadsExdm2ien.RoadsExtended.RoadSign" ATTR="Type"
                  FROM="prohibition.other" TO="prohibition"/>
      </ENTRIES>

      <ENTRIES FOR="RoadsExdm2ien">
        <TAGENTRY FROM="RoadsExdm2ien.RoadsExtended"
                  TO="RoadsExdm2ien.RoadsExtended"/>
        <TAGENTRY FROM="RoadsExdm2ien.RoadsExtended.StreetAxis"
                  TO="RoadsExdm2ien.RoadsExtended.StreetAxis"/>
        <TAGENTRY FROM="RoadsExdm2ien.RoadsExtended.RoadSign"
                  TO="RoadsExdm2ien.RoadsExtended.RoadSign"/>
        <VALENTRY TAG="RoadsExdm2ien.RoadsExtended.StreetAxis" ATTR="Precision"
                  FROM="precise" TO="precise"/>
        <VALENTRY TAG="RoadsExdm2ien.RoadsExtended.StreetAxis" ATTR="Precision"
                  FROM="unprecise" TO="unprecise"/>
        <VALENTRY TAG="RoadsExdm2ien.RoadsExtended.RoadSign" ATTR="Type"
                  FROM="prohibition.noentry" TO="prohibition.noentry"/>
        <VALENTRY TAG="RoadsExdm2ien.RoadsExtended.RoadSign" ATTR="Type"
                  FROM="prohibition.noparking" TO="prohibition.noparking"/>
        <VALENTRY TAG="RoadsExdm2ien.RoadsExtended.RoadSign" ATTR="Type"
                  FROM="prohibition.other" TO="prohibition.other"/>
      </ENTRIES>
    </ALIAS>

    <COMMENT>
      example dataset ili2 refmanual appendix C
    </COMMENT>
  </HEADERSECTION>

  <DATASECTION>
    <RoadsExdm2ien.RoadsExtended BID="REFHANDB00000001">

      <!-- === LandCover === -->
      <RoadsExdm2ben.Roads.LandCover TID="16">
        <Type>water</Type>
        <Geometry>
          <SURFACE>
            <BOUNDARY>
              <POLYLINE>
                <LINEATTR>
                  <RoadsExdm2ben.Roads.LAttrs>
                    <LArt>welldefined</LArt>
                  </RoadsExdm2ben.Roads.LAttrs>
                </LINEATTR>
                <COORD><C1>39.038</C1><C2>60.315</C2></COORD>
                <COORD><C1>41.200</C1><C2>59.302</C2></COORD>
                <COORD><C1>43.362</C1><C2>60.315</C2></COORD>
                <COORD><C1>44.713</C1><C2>66.268</C2></COORD>
                <COORD><C1>45.794</C1><C2>67.662</C2></COORD>
                <COORD><C1>48.766</C1><C2>67.408</C2></COORD>
                <COORD><C1>53.360</C1><C2>64.115</C2></COORD>
                <COORD><C1>56.197</C1><C2>62.595</C2></COORD>
                <COORD><C1>57.818</C1><C2>63.862</C2></COORD>
                <COORD><C1>58.899</C1><C2>68.928</C2></COORD>
                <COORD><C1>55.927</C1><C2>72.348</C2></COORD>
                <COORD><C1>47.955</C1><C2>75.515</C2></COORD>
                <COORD><C1>42.281</C1><C2>75.388</C2></COORD>
                <COORD><C1>39.308</C1><C2>73.235</C2></COORD>
                <COORD><C1>36.741</C1><C2>69.688</C2></COORD>
                <COORD><C1>35.525</C1><C2>66.268</C2></COORD>
                <COORD><C1>35.661</C1><C2>63.735</C2></COORD>
                <COORD><C1>37.957</C1><C2>61.455</C2></COORD>
                <COORD><C1>39.038</C1><C2>60.315</C2></COORD>
              </POLYLINE>
            </BOUNDARY>
          </SURFACE>
        </Geometry>
      </RoadsExdm2ben.Roads.LandCover>

      <RoadsExdm2ben.Roads.LandCover TID="18">
        <Type>building</Type>
        <Geometry>
          <SURFACE>
            <BOUNDARY>
              <POLYLINE>
                <LINEATTR>
                  <RoadsExdm2ben.Roads.LAttrs>
                    <LArt>welldefined</LArt>
                  </RoadsExdm2ben.Roads.LAttrs>
                </LINEATTR>
                <COORD><C1>101.459</C1><C2>65.485</C2></COORD>
                <COORD><C1>108.186</C1><C2>69.369</C2></COORD>
                <COORD><C1>102.086</C1><C2>79.936</C2></COORD>
                <COORD><C1>95.359</C1><C2>76.053</C2></COORD>
                <COORD><C1>101.459</C1><C2>65.485</C2></COORD>
              </POLYLINE>
           </BOUNDARY>
          </SURFACE>
        </Geometry>
      </RoadsExdm2ben.Roads.LandCover>

      <RoadsExdm2ben.Roads.LandCover TID="20">
        <Type>building</Type>
        <Geometry>
          <SURFACE>
            <BOUNDARY>
              <POLYLINE>
                <LINEATTR>
                  <RoadsExdm2ben.Roads.LAttrs>
                    <LArt>welldefined</LArt>
                  </RoadsExdm2ben.Roads.LAttrs>
                </LINEATTR>
                <COORD><C1>60.489</C1><C2>49.608</C2></COORD>
                <COORD><C1>79.900</C1><C2>55.839</C2></COORD>
                <COORD><C1>75.351</C1><C2>70.932</C2></COORD>
                <COORD><C1>67.678</C1><C2>68.781</C2></COORD>
                <COORD><C1>69.938</C1><C2>61.721</C2></COORD>
                <COORD><C1>57.582</C1><C2>58.029</C2></COORD>
                <COORD><C1>60.489</C1><C2>49.608</C2></COORD>
              </POLYLINE>
           </BOUNDARY>
          </SURFACE>
        </Geometry>
      </RoadsExdm2ben.Roads.LandCover>

      <RoadsExdm2ben.Roads.LandCover TID="22">
        <Type>street</Type>
        <Geometry>
          <SURFACE>
            <BOUNDARY>
              <POLYLINE>
                <LINEATTR>
                  <RoadsExdm2ben.Roads.LAttrs>
                    <LArt>welldefined</LArt>
                  </RoadsExdm2ben.Roads.LAttrs>
                </LINEATTR>
                <COORD><C1>45.067</C1><C2>58.655</C2></COORD>
                <COORD><C1>50.669</C1><C2>42.579</C2></COORD>
                <COORD><C1>57.060</C1><C2>44.638</C2></COORD>
                <COORD><C1>51.432</C1><C2>60.469</C2></COORD>
                <COORD><C1>45.067</C1><C2>58.655</C2></COORD>
              </POLYLINE>
            </BOUNDARY>
          </SURFACE>
        </Geometry>
      </RoadsExdm2ben.Roads.LandCover>

      <RoadsExdm2ben.Roads.LandCover TID="24">
        <Type>other</Type>
        <Geometry>
          <SURFACE>
            <BOUNDARY>
              <POLYLINE>
                <LINEATTR>
                  <RoadsExdm2ben.Roads.LAttrs>
                    <LArt>welldefined</LArt>
                  </RoadsExdm2ben.Roads.LAttrs>
                </LINEATTR>
                <COORD><C1>114.027</C1><C2>99.314</C2></COORD>
                <COORD><C1>31.351</C1><C2>99.314</C2></COORD>
                <COORD><C1>31.140</C1><C2>92.530</C2></COORD>
                <COORD><C1>70.419</C1><C2>86.177</C2></COORD>
                <COORD><C1>86.481</C1><C2>79.710</C2></COORD>
                <COORD><C1>114.027</C1><C2>99.314</C2></COORD>
              </POLYLINE>
            </BOUNDARY>
          </SURFACE>
        </Geometry>
      </RoadsExdm2ben.Roads.LandCover>

      <RoadsExdm2ben.Roads.LandCover TID="26">
        <Type>other</Type>
        <Geometry>
          <SURFACE>
            <BOUNDARY>
              <POLYLINE>
                <LINEATTR>
                  <RoadsExdm2ben.Roads.LAttrs>
                    <LArt>welldefined</LArt>
                  </RoadsExdm2ben.Roads.LAttrs>
                </LINEATTR>
                <COORD><C1>113.559</C1><C2>62.880</C2></COORD>
                <COORD><C1>114.027</C1><C2>99.314</C2></COORD>
                <COORD><C1>86.481</C1><C2>79.710</C2></COORD>
                <COORD><C1>94.381</C1><C2>66.289</C2></COORD>
                <COORD><C1>96.779</C1><C2>57.177</C2></COORD>
                <COORD><C1>113.559</C1><C2>62.880</C2></COORD>
              </POLYLINE>
            </BOUNDARY>
            <BOUNDARY>
              <POLYLINE>
                <LINEATTR>
                  <RoadsExdm2ben.Roads.LAttrs>
                    <LArt>welldefined</LArt>
                  </RoadsExdm2ben.Roads.LAttrs>
                </LINEATTR>
                <COORD><C1>108.186</C1><C2>69.369</C2></COORD>
                <COORD><C1>101.459</C1><C2>65.485</C2></COORD>
                <COORD><C1>95.359</C1><C2>76.053</C2></COORD>
                <COORD><C1>102.086</C1><C2>79.936</C2></COORD>
                <COORD><C1>108.186</C1><C2>69.369</C2></COORD>
              </POLYLINE>
            </BOUNDARY>
          </SURFACE>
        </Geometry>
      </RoadsExdm2ben.Roads.LandCover>

      <RoadsExdm2ben.Roads.LandCover TID="29">
        <Type>street</Type>
        <Geometry>
          <SURFACE>
            <BOUNDARY>
              <POLYLINE>
                <LINEATTR>
                  <RoadsExdm2ben.Roads.LAttrs>
                    <LArt>welldefined</LArt>
                  </RoadsExdm2ben.Roads.LAttrs>
                </LINEATTR>
                <COORD><C1>100.621</C1><C2>24.239</C2></COORD>
                <COORD><C1>109.729</C1><C2>24.239</C2></COORD>
                <COORD><C1>105.640</C1><C2>48.068</C2></COORD>
                <COORD><C1>96.779</C1><C2>45.088</C2></COORD>
                <COORD><C1>100.621</C1><C2>24.239</C2></COORD>
              </POLYLINE>
            </BOUNDARY>
          </SURFACE>
        </Geometry>
      </RoadsExdm2ben.Roads.LandCover>

      <RoadsExdm2ben.Roads.LandCover TID="31">
        <Type>other</Type>
        <Geometry>
          <SURFACE>
            <BOUNDARY>
              <POLYLINE>
                <LINEATTR>
                  <RoadsExdm2ben.Roads.LAttrs>
                    <LArt>welldefined</LArt>
                  </RoadsExdm2ben.Roads.LAttrs>
                </LINEATTR>
                <COORD><C1>30.900</C1><C2>24.478</C2></COORD>
                <COORD><C1>100.621</C1><C2>24.239</C2></COORD>
                <COORD><C1>96.779</C1><C2>45.088</C2></COORD>
                <COORD><C1>30.900</C1><C2>24.478</C2></COORD>
              </POLYLINE>
            </BOUNDARY>
          </SURFACE>
        </Geometry>
      </RoadsExdm2ben.Roads.LandCover>

      <RoadsExdm2ben.Roads.LandCover TID="33">
        <Type>other</Type>
        <Geometry>
          <SURFACE>
            <BOUNDARY>
              <POLYLINE>
                <LINEATTR>
                  <RoadsExdm2ben.Roads.LAttrs>
                    <LArt>welldefined</LArt>
                  </RoadsExdm2ben.Roads.LAttrs>
                </LINEATTR>
                <COORD><C1>31.110</C1><C2>83.750</C2></COORD>
                <COORD><C1>31.140</C1><C2>36.458</C2></COORD>
                <COORD><C1>50.669</C1><C2>42.579</C2></COORD>
                <COORD><C1>45.067</C1><C2>58.655</C2></COORD>
                <COORD><C1>51.432</C1><C2>60.469</C2></COORD>
                <COORD><C1>57.060</C1><C2>44.638</C2></COORD>
                <COORD><C1>87.839</C1><C2>54.138</C2></COORD>
                <COORD><C1>85.282</C1><C2>63.410</C2></COORD>
                <COORD><C1>78.847</C1><C2>73.433</C2></COORD>
                <COORD><C1>67.549</C1><C2>77.788</C2></COORD>
                <COORD><C1>31.110</C1><C2>83.750</C2></COORD>
              </POLYLINE>
            </BOUNDARY>
            <BOUNDARY>
              <POLYLINE>
                <LINEATTR>
                  <RoadsExdm2ben.Roads.LAttrs>
                    <LArt>welldefined</LArt>
                  </RoadsExdm2ben.Roads.LAttrs>
                </LINEATTR>
                <COORD><C1>41.200</C1><C2>59.302</C2></COORD>
                <COORD><C1>39.038</C1><C2>60.315</C2></COORD>
                <COORD><C1>37.957</C1><C2>61.455</C2></COORD>
                <COORD><C1>35.661</C1><C2>63.735</C2></COORD>
                <COORD><C1>35.525</C1><C2>66.268</C2></COORD>
                <COORD><C1>36.741</C1><C2>69.688</C2></COORD>
                <COORD><C1>39.308</C1><C2>73.235</C2></COORD>
                <COORD><C1>42.281</C1><C2>75.388</C2></COORD>
                <COORD><C1>47.955</C1><C2>75.515</C2></COORD>
                <COORD><C1>55.927</C1><C2>72.348</C2></COORD>
                <COORD><C1>58.899</C1><C2>68.928</C2></COORD>
                <COORD><C1>57.818</C1><C2>63.862</C2></COORD>
                <COORD><C1>56.197</C1><C2>62.595</C2></COORD>
                <COORD><C1>53.360</C1><C2>64.115</C2></COORD>
                <COORD><C1>48.766</C1><C2>67.408</C2></COORD>
                <COORD><C1>45.794</C1><C2>67.662</C2></COORD>
                <COORD><C1>44.713</C1><C2>66.268</C2></COORD>
                <COORD><C1>43.362</C1><C2>60.315</C2></COORD>
                <COORD><C1>41.200</C1><C2>59.302</C2></COORD>
              </POLYLINE>
            </BOUNDARY>
            <BOUNDARY>
              <POLYLINE>
                <LINEATTR>
                  <RoadsExdm2ben.Roads.LAttrs>
                    <LArt>welldefined</LArt>
                  </RoadsExdm2ben.Roads.LAttrs>
                </LINEATTR>
                <COORD><C1>79.900</C1><C2>55.839</C2></COORD>
                <COORD><C1>60.489</C1><C2>49.608</C2></COORD>
                <COORD><C1>57.582</C1><C2>58.029</C2></COORD>
                <COORD><C1>69.938</C1><C2>61.721</C2></COORD>
                <COORD><C1>67.678</C1><C2>68.781</C2></COORD>
                <COORD><C1>75.351</C1><C2>70.932</C2></COORD>
                <COORD><C1>79.900</C1><C2>55.839</C2></COORD>
              </POLYLINE>
            </BOUNDARY>
          </SURFACE>
        </Geometry>
      </RoadsExdm2ben.Roads.LandCover>

      <RoadsExdm2ben.Roads.LandCover TID="37">
        <Type>street</Type>
        <Geometry>
          <SURFACE>
            <BOUNDARY>
              <POLYLINE>
                <LINEATTR>
                  <RoadsExdm2ben.Roads.LAttrs>
                    <LArt>welldefined</LArt>
                  </RoadsExdm2ben.Roads.LAttrs>
                </LINEATTR>
                <COORD><C1>31.140</C1><C2>92.530</C2></COORD>
                <COORD><C1>31.110</C1><C2>83.750</C2></COORD>
                <COORD><C1>67.549</C1><C2>77.788</C2></COORD>
                <COORD><C1>78.847</C1><C2>73.433</C2></COORD>
                <COORD><C1>85.282</C1><C2>63.410</C2></COORD>
                <COORD><C1>87.839</C1><C2>54.138</C2></COORD>
                <COORD><C1>96.779</C1><C2>57.177</C2></COORD>
                <COORD><C1>94.381</C1><C2>66.289</C2></COORD>
                <COORD><C1>86.481</C1><C2>79.710</C2></COORD>
                <COORD><C1>70.419</C1><C2>86.177</C2></COORD>
                <COORD><C1>31.140</C1><C2>92.530</C2></COORD>
              </POLYLINE>
            </BOUNDARY>
          </SURFACE>
        </Geometry>
      </RoadsExdm2ben.Roads.LandCover>

      <RoadsExdm2ben.Roads.LandCover TID="39">
        <Type>other</Type>
        <Geometry>
          <SURFACE>
            <BOUNDARY>
              <POLYLINE>
                <LINEATTR>
                  <RoadsExdm2ben.Roads.LAttrs>
                    <LArt>welldefined</LArt>
                  </RoadsExdm2ben.Roads.LAttrs>
                </LINEATTR>
                <COORD><C1>113.811</C1><C2>51.168</C2></COORD>
                <COORD><C1>105.640</C1><C2>48.068</C2></COORD>
                <COORD><C1>109.729</C1><C2>24.239</C2></COORD>
                <COORD><C1>114.269</C1><C2>24.017</C2></COORD>
                <COORD><C1>113.811</C1><C2>51.168</C2></COORD>
              </POLYLINE>
            </BOUNDARY>
          </SURFACE>
        </Geometry>
      </RoadsExdm2ben.Roads.LandCover>

      <RoadsExdm2ben.Roads.LandCover TID="41">
        <Type>street</Type>
        <Geometry>
          <SURFACE>
            <BOUNDARY>
              <POLYLINE>
                <LINEATTR>
                  <RoadsExdm2ben.Roads.LAttrs>
                    <LArt>welldefined</LArt>
                  </RoadsExdm2ben.Roads.LAttrs>
                </LINEATTR>
                <COORD><C1>105.640</C1><C2>48.068</C2></COORD>
                <COORD><C1>113.811</C1><C2>51.168</C2></COORD>
                <COORD><C1>113.559</C1><C2>62.880</C2></COORD>
                <COORD><C1>96.779</C1><C2>57.177</C2></COORD>
                <COORD><C1>87.839</C1><C2>54.138</C2></COORD>
                <COORD><C1>57.060</C1><C2>44.638</C2></COORD>
                <COORD><C1>50.669</C1><C2>42.579</C2></COORD>
                <COORD><C1>31.140</C1><C2>36.458</C2></COORD>
                <COORD><C1>30.900</C1><C2>24.478</C2></COORD>
                <COORD><C1>96.779</C1><C2>45.088</C2></COORD>
                <COORD><C1>105.640</C1><C2>48.068</C2></COORD>
              </POLYLINE>
            </BOUNDARY>
          </SURFACE>
        </Geometry>
      </RoadsExdm2ben.Roads.LandCover>

      <!-- === Street === -->
      <RoadsExdm2ben.Roads.Street TID="1">
        <Name>Austrasse</Name>
      </RoadsExdm2ben.Roads.Street>

      <RoadsExdm2ben.Roads.Street TID="2">
        <Name>Eymattstrasse</Name>
      </RoadsExdm2ben.Roads.Street>

      <RoadsExdm2ben.Roads.Street TID="3">
        <Name>Feldweg</Name>
      </RoadsExdm2ben.Roads.Street>

      <RoadsExdm2ben.Roads.Street TID="4">
        <Name>Seeweg</Name>
      </RoadsExdm2ben.Roads.Street>

      <!-- === StreetAxis / StreetAxisAssoc === -->
      <RoadsExdm2ien.RoadsExtended.StreetAxis TID="8">
        <Geometry>
          <POLYLINE>
            <COORD><C1>55.600</C1><C2>37.649</C2></COORD>
            <COORD><C1>15.573</C1><C2>25.785</C2></COORD>
          </POLYLINE>
        </Geometry>
        <Street REF="1"></Street>
        <Precision>precise</Precision>
      </RoadsExdm2ien.RoadsExtended.StreetAxis>

      <RoadsExdm2ien.RoadsExtended.StreetAxis TID="9">
        <Geometry>
          <POLYLINE>
            <COORD><C1>55.600</C1><C2>37.649</C2></COORD>
            <COORD><C1>94.990</C1><C2>50.109</C2></COORD>
          </POLYLINE>
        </Geometry>
        <Street REF="1"></Street>
        <Precision>precise</Precision>
      </RoadsExdm2ien.RoadsExtended.StreetAxis>

      <RoadsExdm2ien.RoadsExtended.StreetAxis TID="10">
        <Geometry>
          <POLYLINE>
            <COORD><C1>94.990</C1><C2>50.109</C2></COORD>
            <COORD><C1>101.099</C1><C2>52.279</C2></COORD>
          </POLYLINE>
        </Geometry>
        <Street REF="1"></Street>
        <Precision>precise</Precision>
      </RoadsExdm2ien.RoadsExtended.StreetAxis>

      <RoadsExdm2ien.RoadsExtended.StreetAxis TID="11">
        <Geometry>
          <POLYLINE>
            <COORD><C1>101.099</C1><C2>52.279</C2></COORD>
            <COORD><C1>126.100</C1><C2>62.279</C2></COORD>
          </POLYLINE>
        </Geometry>
        <Street REF="1"></Street>
        <Precision>precise</Precision>
      </RoadsExdm2ien.RoadsExtended.StreetAxis>

      <RoadsExdm2ien.RoadsExtended.StreetAxis TID="12">
        <Geometry>
          <POLYLINE>
            <COORD><C1>94.990</C1><C2>50.109</C2></COORD>
            <COORD><C1>89.504</C1><C2>65.795</C2></COORD>
            <COORD><C1>83.594</C1><C2>75.598</C2></COORD>
            <COORD><C1>71.774</C1><C2>80.712</C2></COORD>
            <COORD><C1>11.423</C1><C2>91.154</C2></COORD>
          </POLYLINE>
        </Geometry>
        <Street REF="2"></Street>
        <Precision>precise</Precision>
      </RoadsExdm2ien.RoadsExtended.StreetAxis>

      <RoadsExdm2ien.RoadsExtended.StreetAxis TID="13">
        <Geometry>
          <POLYLINE>
            <COORD><C1>101.099</C1><C2>52.279</C2></COORD>
            <COORD><C1>107.400</C1><C2>14.603</C2></COORD>
          </POLYLINE>
        </Geometry>
        <Street REF="3"></Street>
        <Precision>unprecise</Precision>
      </RoadsExdm2ien.RoadsExtended.StreetAxis>

      <RoadsExdm2ien.RoadsExtended.StreetAxis TID="15">
        <Geometry>
          <POLYLINE>
            <COORD><C1>55.600</C1><C2>37.649</C2></COORD>
            <COORD><C1>49.359</C1><C2>56.752</C2></COORD>
          </POLYLINE>
        </Geometry>
        <Street REF="4"></Street>
        <Precision>unprecise</Precision>
      </RoadsExdm2ien.RoadsExtended.StreetAxis>

      <!-- === StreetNamePosition / StreetNamePositionAssoc === -->
      <RoadsExdm2ben.Roads.StreetNamePosition TID="5">
        <NamPos>
          <COORD><C1>71.660</C1><C2>45.231</C2></COORD>
        </NamPos>
        <NamOri>15.0</NamOri>
        <Street REF="1"></Street>
      </RoadsExdm2ben.Roads.StreetNamePosition>

      <RoadsExdm2ben.Roads.StreetNamePosition TID="6">
        <NamPos>
          <COORD><C1>58.249</C1><C2>85.081</C2></COORD>
        </NamPos>
        <NamOri>351.0</NamOri>
        <Street REF="2"></Street>
      </RoadsExdm2ben.Roads.StreetNamePosition>

      <RoadsExdm2ben.Roads.StreetNamePosition TID="7">
        <NamPos>
          <COORD><C1>106.095</C1><C2>33.554</C2></COORD>
        </NamPos>
        <NamOri>280.0</NamOri>
        <Street REF="3"></Street>
      </RoadsExdm2ben.Roads.StreetNamePosition>

      <RoadsExdm2ben.Roads.StreetNamePosition TID="14">
        <NamPos>
          <COORD><C1>53.031</C1><C2>51.367</C2></COORD>
        </NamPos>
        <NamOri>291.3</NamOri>
        <Street REF="4"></Street>
      </RoadsExdm2ben.Roads.StreetNamePosition>

      <!-- === RoadSign === -->
      <RoadsExdm2ien.RoadsExtended.RoadSign TID="501">
        <Type>prohibition.noparking</Type>
        <Position>
          <COORD><C1>69.389</C1><C2>92.056</C2></COORD>
        </Position>
      </RoadsExdm2ien.RoadsExtended.RoadSign>

      <RoadsExdm2ien.RoadsExtended.RoadSign TID="502">
        <Type>prohibition.noparking</Type>
        <Position>
          <COORD><C1>80.608</C1><C2>88.623</C2></COORD>
        </Position>
      </RoadsExdm2ien.RoadsExtended.RoadSign>

      <RoadsExdm2ien.RoadsExtended.RoadSign TID="503">
        <Type>prohibition.noparking</Type>
        <Position>
          <COORD><C1>58.059</C1><C2>93.667</C2></COORD>
        </Position>
      </RoadsExdm2ien.RoadsExtended.RoadSign>

      <RoadsExdm2ien.RoadsExtended.RoadSign TID="504">
        <Type>danger</Type>
        <Position>
          <COORD><C1>92.741</C1><C2>38.295</C2></COORD>
        </Position>
      </RoadsExdm2ien.RoadsExtended.RoadSign>
    </RoadsExdm2ien.RoadsExtended>
    <!-- end of basket REFHANDB00000001 -->
  </DATASECTION>
</TRANSFER>

